<?xml version="1.0" encoding="UTF-8"?>
<beans xmlns="http://www.springframework.org/schema/beans"
	xmlns:xsi="http://www.w3.org/2001/XMLSchema-instance"
	xmlns:context="http://www.springframework.org/schema/context"
	xmlns:mvc="http://www.springframework.org/schema/mvc"
	xsi:schemaLocation="http://www.springframework.org/schema/mvc http://www.springframework.org/schema/mvc/spring-mvc-4.3.xsd
		http://www.springframework.org/schema/beans http://www.springframework.org/schema/beans/spring-beans.xsd
		http://www.springframework.org/schema/context http://www.springframework.org/schema/context/spring-context-4.3.xsd">

	<!-- spring MVC annotation(주석문, 지시문)을 사용하기 위한 설정 -->
	<context:annotation-config />
			 
	<!-- tiles 설정 -->
	<bean id="tilesConfigurer" class="org.springframework.web.servlet.view.tiles3.TilesConfigurer">
		<property name="definitions">
			<list>
				<value>/WEB-INF/views/layouts.xml</value>
			</list>
		</property>	
	</bean>
	
	<bean id="viewResolver" class="org.springframework.web.servlet.view.UrlBasedViewResolver">
		<property name="requestContextAttribute" value="requestContext"/>
		<property name="viewClass" value="org.springframework.web.servlet.view.tiles3.TilesView"/>
	</bean>
	
	
	
	<!-- java 공통 팩키지 -->
	<context:component-scan base-package="bit.com.a" />
	
	
	
	<!-- ajax 주석문 사용 허가 -->
	<mvc:annotation-driven/>
	
	<!-- spring 에서 처리할 수 없는 요청은 tomcat에 위임 -->
	<mvc:default-servlet-handler/>
	
</beans>









