<?xml version="1.0" encoding="UTF-8"?>
<!DOCTYPE mapper
  PUBLIC "-//mybatis.org//DTD Mapper 3.0//EN"
  "http://mybatis.org/dtd/mybatis-3-mapper.dtd">
  
<mapper namespace="Bbs">
<!-- 
<select id="bbslist" resultType="bit.com.a.dto.BbsDto">
	SELECT SEQ, ID, REF, STEP, DEPTH, TITLE, CONTENT, WDATE, DEL, READCOUNT 
	FROM BBS
	ORDER BY REF DESC, STEP ASC
</select>
 -->

<select id="bbslist" parameterType="bit.com.a.dto.BbsParam" 
	resultType="bit.com.a.dto.BbsDto">
	SELECT SEQ, ID, REF, STEP, DEPTH, TITLE, CONTENT, WDATE, DEL, READCOUNT 
	FROM 
		( SELECT ROW_NUMBER()OVER(ORDER BY REF DESC, STEP ASC)AS RNUM,
				SEQ, ID, REF, STEP, DEPTH, TITLE, CONTENT, WDATE, DEL, READCOUNT
		  FROM BBS
		  WHERE 1=1
			<if test="choice != null and choice != ''
				and searchWord != null and searchWord != ''">
				<if test="choice == 'title'">
					AND TITLE LIKE '%'||#{searchWord}||'%'
				</if>
				<if test="choice == 'content'">
					AND CONTENT LIKE '%'||#{searchWord}||'%'
				</if>
				<if test="choice == 'writer'">
					AND ID=#{searchWord}
				</if>	
			</if>	
		) A
	WHERE RNUM BETWEEN ${start} AND ${end} 	
</select> 
 


<insert id="writeBbs" parameterType="bit.com.a.dto.BbsDto">
	INSERT INTO BBS(SEQ, ID, REF, STEP, DEPTH, TITLE, CONTENT, WDATE, DEL, READCOUNT)
	VALUES(SEQ_BBS.NEXTVAL, #{id}, (SELECT NVL(MAX(REF)+1, 0) FROM BBS), 0, 0, 
			#{title}, #{content}, SYSDATE, 0, 0)
</insert>

<select id="getBbs" parameterType="java.lang.Integer"
	resultType="bit.com.a.dto.BbsDto">
	SELECT SEQ, ID, REF, STEP, DEPTH, TITLE, CONTENT, WDATE, DEL, READCOUNT 
	FROM BBS
	WHERE SEQ=#{seq}
</select>

<update id="readCount" parameterType="java.lang.Integer">
	UPDATE BBS
	SET READCOUNT=READCOUNT+1
	WHERE SEQ=#{seq}
</update>

<update id="replyBbsUpdate"
	parameterType="bit.com.a.dto.BbsDto">
	UPDATE BBS 
	SET STEP=STEP+1
	WHERE REF=(SELECT REF FROM BBS WHERE SEQ=#{seq})
		AND STEP>(SELECT STEP FROM BBS WHERE SEQ=#{seq})		
</update>

<insert id="replyBbsInsert"
	parameterType="bit.com.a.dto.BbsDto">
	INSERT INTO BBS
		(SEQ, ID, REF, STEP, DEPTH, 
		TITLE, CONTENT, WDATE, DEL, READCOUNT)
	VALUES(SEQ_BBS.NEXTVAL, #{id},
		(SELECT REF FROM BBS WHERE SEQ=#{seq}),
		(SELECT STEP FROM BBS WHERE SEQ=#{seq})+1,
		(SELECT DEPTH FROM BBS WHERE SEQ=#{seq})+1,
		#{title}, #{content}, SYSDATE,
		0, 0)	
</insert>


<select id="getBbsSearchList" parameterType="bit.com.a.dto.BbsParam"
	resultType="bit.com.a.dto.BbsDto">
	SELECT SEQ, ID, REF, STEP, DEPTH, TITLE, CONTENT, WDATE, DEL, READCOUNT
	FROM BBS
	WHERE 1=1
	<if test="choice != null and choice != ''
			and searchWord != null and searchWord != ''">
		<if test="choice == 'title'">
			AND TITLE LIKE '%'||#{searchWord}||'%'
		</if>
		<if test="choice == 'content'">
			AND CONTENT LIKE '%'||#{searchWord}||'%'
		</if>
		<if test="choice == 'writer'">
			AND ID=#{searchWord}
		</if>	
	</if>
	ORDER BY REF DESC, STEP ASC

</select>


</mapper>







